model,accuracy,precision,recall,f1_score,roc_auc,pr_auc
baseline (test),0.9515287099179717,0.0,0.0,0.0,0.5,0.048471290082028336
logistic_regression (test),0.964951528709918,0.5918367346938775,0.8923076923076924,0.7116564417177914,0.98540511212925,0.8757744637508171
svm (test),0.9817300521998509,0.8,0.8307692307692308,0.8150943396226416,0.9844616590306245,0.8979133456839243
random_forest (test),0.976882923191648,0.9857142857142858,0.5307692307692308,0.69,0.9844586448034723,0.8477543487563428
xgboost (test),0.9780014914243103,0.7751937984496124,0.7692307692307693,0.7722007722007722,0.9780413551965277,0.855340679244877
lightgbm (test),0.9813571961222968,0.8571428571428571,0.7384615384615385,0.7933884297520661,0.9822733301181577,0.8861892412840375
